url,label
http://site9610130.92.webydo.com/page5.html,phishing
https://zaborenrsie.web.app/,phishing
https://buffzz163.com/?gclid=cj0kcqia_p6dbhd1arisaagi7hb82zdmvmwkvlfz-tforwbx_skotfexpqndtqsaos81q7iyfib9nusaavj1ealw_wcb,phishing
http://www.homehandyworks.com,phishing
https://www.weblitera.com,safe
https://expressdhl-at.com/,phishing
http://www.atvcloud.com,phishing
https://shorturl.at/msfs7,phishing
https://ing-mein.nervous-edison.170-187-224-61.plesk.page/main/login1/delogin/94.102.49.123/login/,phishing
https://www.felineconservation.org,safe
https://onh7928.webmo.fr/pro-credit-agri-cole/fr/creditagricole/ca/016a8ee114a3fc7/rgn.php?particulier,phishing
https://www.royaldocks.london,safe
https://templeaudiotour.cdigproductions.com/wp-admin,phishing
http://www.anzhuo6.com,phishing
http://www.agretto.com,phishing
https://ipfs.io/ipfs/qmvfyn4fitf6wqem6ztjzw7nymbgxdlrwmmircvccvcr5k/index.html,phishing
https://www.thehighlandersmuseum.com,safe
http://www.madrededeusprime.com.br,phishing
http://www.lpm.fk.ub.ac.id,phishing
https://www.911law.com,safe
"https://secure.oldschool.com-n.cz/assisted-login825,295,688,41525479,2912",phishing
https://www.ugsra.org,safe
https://www.mhs.net,safe
https://serviceuxl.pro/service/,phishing
https://www.observatorioreligion.es,safe
https://www.tiska.com,safe
https://www.sinn-und-form.de,safe
https://att-108200.weeblysite.com/,phishing
https://dev-se-gu-rty-e-bisa-b00.pantheonsite.io/des/index.php,phishing
https://paypay-app.com/paypay/paypay.php,phishing
https://www.vipps.no,safe
https://www.tranco-list.eu,safe
https://webkeliyewebapp.web.app/,phishing
https://www.sos.state.mn.us,safe
https://www.jaguarnetwork.org,safe
https://www.haydenjames.io,safe
http://www.fsoc.cf,phishing
http://www.omwowxisx.cf,phishing
https://scqw-du6q-t.firebaseapp.com/,phishing
https://www.ourredeemerlcms.org,safe
https://www.chainsawchick.com,safe
https://www.hibiny.com,safe
https://www.cancer.org,safe
https://business-confirm-appeal-133d0.web.app/,phishing
https://www.hs-orange.com,safe
https://www.funawards.com,safe
https://dias-gennials.web.app/,phishing
https://ipfs.io/ipfs/qmqq29e7fx5d5m3a6vsy21m5jvkygtqy8jfk44uiwes3vn/mands.html,phishing
https://www.cumberlandlodge.ac.uk,safe
http://www.anobaka.jp,phishing
http://www.donatewa.phpnet.us,phishing
http://www.akamaitechupdate.com,phishing
https://www.ercim.eu,safe
http://usuariociudad.com/,phishing
https://www.signswithanattitude.com,safe
https://www.peteinfo.com,safe
http://www.basepicks.com,phishing
https://www.autotech-co.com,safe
https://www.westernsydneyairport.gov.au,safe
http://bpost-green-bird-yanissbadja618463.codeanyapp.com/be/dhi/dh2tayue9asux7b865/,phishing
https://www.nyprowrestling.com,safe
https://www.ncl.ucar.edu,safe
https://www.moneyklt.gzmoce.com/sonn/index.php#/login,phishing
https://www.modern-day-commando.com,safe
http://www.iboiha.fun,phishing
http://bafybeig3xlhquzvdynnlfn6v7oau5zbfb4vrozsfr6wk6rz4csuahda3gq.ipfs.dweb.link/,phishing
https://benriyatakuto.floppy.jp/172.19.48.99/ddhl/globalsources/index2.php?email=,phishing
https://statement-9d08c.web.app/,phishing
https://www.corriecooks.com,safe
https://g6puo3.webwave.dev/,phishing
https://www.parks.wa.gov,safe
https://www.radioreference.com,safe
https://khqyuakjqkyi.firebaseapp.com/,phishing
https://carouselling-point-pay.web.app/mined/index.html,phishing
https://www.acubekraft.com,safe
https://www.numberphile.com,safe
http://www.185hf.com,phishing
https://www.hewale.net,safe
https://business-page-appeal-2334.web.app/,phishing
https://www.follypdx.com,safe
http://www.ralozimper.com,phishing
https://www.al-shia.org,safe
https://www.thirdlooks.com,safe
https://www.compstonkitchen.com,safe
https://www.forschungen-engi.ch,safe
http://enviosdhlexpress.com/,phishing
http://www.saisoncard.co.jp.ooppox.xyz/,phishing
https://acessodasuafaturaluiza.com/?gclid=eaiaiqobchmio6sy5r3a_qivtobcch06zadreaayasaaegigvfd_bwe,phishing
http://www.kundenwelt.com,phishing
https://www.cittyo.com,safe
https://www.fiftyyearsofawoman.com,safe
https://www.columbiaco.com,safe
http://www.lespetitsplatsdetina.com,phishing
https://www.pave.org.sg,safe
http://www.shafarack.ga,phishing
https://www.fig.us,safe
https://mxtkkh79df637a616f5d109.akperlap.ru/,phishing
https://www.lakecowichangazette.com,safe
https://www.estovadetapas.com,safe
http://www.52t34tyt43.xyz,phishing
http://www.thepngbusiness.com,phishing
https://www.oriel.ox.ac.uk,safe
https://www.google.com/search?ei=xb9pzni9lfgx8gl7samacw&gclid=eaiaiqobchminfcyssbz_givawgrch059g9weaayasaaeglolfd_bwe&gs_lcp=cgxnd3mtd2l6lxnlcnaqaziecaaqrziecaaqrziecaaqrziecaaqrziecaaqrziecaaqrziecaaqrziecaaqrzokcaaqrxdwbbcwazokcaaqiguqsamqqzovcc4qiguqxweq0qmqyamqsamqqxgbohuilhckbrdharcvardiaxcwaxbdgafkbahbgabkbqhaegexukckwkckykuoaajwangagaeaiaeakgeamaeaoaebyaeiwaeb2gegcaeqargi&oq=cs+money&q=cs+money&sclient=gws-wiz-serp&uact=5&utm_campaign=d123&ved=0ahukewiy4jdondt-ahxxmfwkhftycraq4dudca8,phishing
https://www.stammtischmusik.at,safe
http://www.buildingdigitalmind.com,phishing
http://www.ir-eblaghe.cf,phishing
http://www.db1.samuelblog.site,phishing
http://www.gainc.info,phishing
https://www.thecasecentre.org,safe
https://nine3five.com/,phishing
http://mail.pemulihan11297.3gp.work.gd/,phishing
http://alter-ed.com.ng/wells_fargo/login.php?id=signin88ca35e43ba00d5ad69cfe54e,phishing
https://aol-102196.weeblysite.com/,phishing
https://bancolombia.com72388292.repl.co/,phishing
https://www.eastrussia.ru,safe
https://www.rakennuslehti.fi,safe
https://www.bulovasrestorations.com,safe
http://www.ecorarte.com,phishing
http://sdpmlf.hyperphp.com/,phishing
https://www.besttrendingnews.com,safe
http://www.serveftp.org,phishing
https://www.pumpkin.care,safe
http://www.macarthursflowers.com,phishing
https://www.mechini.com,safe
https://www.mureview.net,safe
https://092c9c3b-dd9b-441e-a3b5-8ee2d397bdd7.id.repl.co/,phishing
https://load-delay-wait.web.app/,phishing
https://www.phloem.app,safe
https://web-6ab5e.firebaseapp.com/,phishing
https://johnrich.ml/hype/verifica/anomalia,phishing
https://connection-orangebank-certicode.derlma.com/5489723/,phishing
https://smespacnebitl-comfr.firebaseapp.com/,phishing
https://www.azd.uscourts.gov,safe
https://fb-restriction-case-ac669.web.app/,phishing
http://www.moveonedegree.com,phishing
https://www.epita.fr,safe
https://www.sesc.com.br,safe
https://www.billingschamber.com,safe
https://www.massterpenes.com,safe
https://www.landmarkpallavaa.com,safe
https://www.sovrn.com,safe
https://www.bycarianne.com,safe
https://which0x006.firebaseapp.com/,phishing
https://www.bma.org.uk,safe
http://www.carmana.store,phishing
http://www.albertoforwardings.us,phishing
https://attmailchecker1.weeblysite.com/,phishing
https://www.thss.tsinghua.edu.cn,safe
https://delay-is-temporary-2753f.firebaseapp.com/,phishing
https://www.gemsofwar.com,safe
http://www.telegramself.ml,phishing
https://www.lennartverhoeff.net,safe
https://wwwsnbc.dfiwallet.com/jp.php,phishing
https://www.afmuseum.com,safe
https://autumn-meadow-61a4.reboye92376587.workers.dev/,phishing
https://www.radioprimetime.org,safe
https://www.eraction.org,safe
https://eljardindelosnovios.com/wp-content/plugins/vino,phishing
https://www.cell-auto.com,safe
http://www.hometownflooringwf.com,phishing
https://sej.eleveniw.info/,phishing
https://vsq214.webwave.dev/,phishing
https://robertshepard35.wixsite.com/my-site,phishing
http://www.daxia123.cn,phishing
https://allspurlabs.com/wp-content/plugins/us/k/verification/,phishing
http://1742tg053bsinesspgrstrctdrcvry498056.duckdns.org/,phishing
https://www.seomastering.com,safe
https://americanasloja.com/inbdqw,phishing
https://www.malanijewelers.com,safe
https://www.storytellersunplugged.com,safe
https://www.flashscore.com,safe
https://www.tours-eti.com,safe
https://www.softmogul.com,safe
http://myaeclsugs.duckbetog.club/vnafvra97w/?q=3717065149&id=100,phishing
https://www.maria-johnsen.com,safe
https://www.amisdebourvil.fr,safe
https://www.medhos.in,safe
https://www.siirtolapuutarhaliitto.fi,safe
https://bafybeihm44mdqkxvhkjofw5w6qunk46cux55wzwzsaaiuwokwnl2e7cmpq.ipfs.dweb.link/,phishing
https://file-share-from-james-open-view.web.app/,phishing
https://www.radyofm60.com,safe
http://www.brieny.cf,phishing
https://www.myfeetinmotion.com,safe
http://metawalletss.com/,phishing
http://www.royaltyrealtynsb.com,phishing
https://www.csa.fr,safe
https://www.facealacrise.be,safe
https://www.michaelriddle.com,safe
http://www.gjocmdx.ru,phishing
https://sinplagasbolivia.com/ff/,phishing
https://confirm.address-match.workers.dev/,phishing
https://metafb-4p2hl40.web.app/,phishing
http://www.toolbox.nl,phishing
https://www.tellmeacharm.com,safe
https://www.pearlsharbor.de,safe
https://www.cannesguide.com,safe
https://www.stuffedwithplushtoys.com,safe
https://www.jewishpolicycenter.org,safe
https://fbreview1008237587872.firebaseapp.com/,phishing
https://www.greenrope.com,safe
https://www.usehammock.com,safe
https://aol-mail-106111.weeblysite.com/,phishing
https://bfbfgbfvf.boxmode.io/,phishing
https://authsecuritecle.web.app/,phishing
http://www.digitalgroupe.com,phishing
http://www.integrity-roofers.com,phishing
https://www.fattureincloud.it,safe
http://www.listen-books.com,phishing
https://www.everyworks.de,safe
http://www.phpencryptssl.com,phishing
https://www.mhresources.org,safe
https://www.stodels.com,safe
https://storageapi-stg.fleek.co/6c5e0145-aee9-49fc-9228-08dde84ed78c-bucket/shio/index%20(2).html,phishing
http://www.help.purpledaily.com,phishing
https://aave-ethereum.info/#/,phishing
https://www.skepticblog.org,safe
https://www.tagwerk.info/rmat/verification/pii/payment_oath?74d101db17b39beb856d26f2db17b39bd22d32d22d3204021eb856d26f2db17b39bd22d3204021eb0bf7d=,phishing
https://www.energyfm.co.uk,safe
https://www.ama-co-zon.jp.5865086.com,phishing
http://www.lr-adl.xyz,phishing
https://www.uzone.id,safe
http://www.paynae.cf,phishing
https://ubank-login-review.com,phishing
https://www.tee-app.com,safe
https://hramvintesd.hynige.cf/?tranzakt39906,phishing
https://www.wausauschools.org,safe
https://connexion-bpnsecur-fondation.web.app/,phishing
https://www.lovemaineadventures.com,safe
https://claiming.lensr.xyz/,phishing
https://veganbuddha.co.uk/js/afcu,phishing
https://www.heavenlygreens.com,safe
https://treisdg.jungleheart.com/,phishing
https://www.tomkins.org,safe
https://hdsxd1.firebaseapp.com/,phishing
https://www.cassproject.org,safe
https://www.hamburger-reformation.de,safe
https://www.internationalmagic.com,safe
http://www.drroller.us,phishing
https://www.swissolympic.ch,safe
https://www.whatcomcounty.us,safe
https://www.paademode.com,safe
https://www.cg-projects.com,safe
https://service-106870.weeblysite.com/,phishing
http://www.crackling123.appspot.com,phishing
https://www.intmedsafe.net,safe
https://www.hipjehuwelijkin.nl,safe
https://www.ph-kaernten.ac.at,safe
https://www.hakes.com,safe
https://www.worldswithoutend.com,safe
https://www.amazing-trekking.com,safe
https://www.losarcanos.com,safe
http://www.saisson-co-jp.aeocnse.tyjlpa.top/jp.php,phishing
http://www.a63vfd6e57.s3.ap-northeast-1.amazonaws.com,phishing
http://www.atomi.beeppool.org,phishing
https://www.jasperfforde.com,safe
https://www.phaionline.org,safe
http://www.sena-adrlins.cf,phishing
https://dev-latamairllines.pantheonsite.io/,phishing
https://tribelio.page/checkpoint00119274,phishing
https://www.mmstadium.com,safe
https://vanillagiftclub.shop/checkbalance/,phishing
https://www.crypto-news-flash.com,safe
https://www.trishtech.com,safe
https://www.editionlidu.com,safe
https://www.realpage.com,safe
https://sites.google.com/view/hccwc/home,phishing
http://www.mestand.com,phishing
https://www.prettyrealblog.com,safe
http://www.naver.com-pass.online,phishing
https://www.elayneboosler.com,safe
https://www.mirrors.pdp-11.ru,safe
https://www.thehits.co.nz,safe
https://snowy-art-fe31.tql35vg01086.workers.dev/,phishing
https://www.issoy.fi,safe
https://www-info-orico.kilnpay.com/,phishing
https://www.toshin.com,safe
https://www.bitdefender.com,safe
https://www.nzjoy.com/,phishing
https://www.kizzykingston.com,safe
http://nbdbangla.com/wp-content/wflogs/me/web/boacpanele/web/login.php,phishing
http://mcgu457dcvbnfgtu.bio/login.php,phishing
https://bit.ly/3xzprsr,phishing
https://www.katzdzynes.com,safe
https://www.sla.org,safe
https://www.rfs.ru,safe
https://www.protocol-rocketpool.org/,phishing
https://www.volunteernow.org,safe
https://www.inforse.org,safe
https://www.theclearmask.com,safe
http://v1claims.publicvm.com/,phishing
https://att-108920.weeblysite.com/,phishing
https://business-confirm-appeal.web.app/,phishing
http://www.v2cde1b0d66c767a23cfb34c14552836d3.ws,phishing
https://www.alizila.com,safe
https://www.robertgaskins.com,safe
https://www.maartenluther.com,safe
https://organisasi.bulungan.go.id/public/p4xlgcwf4dtybynejbwatxlfyvhq8gf7,phishing
https://www.comunicati.cat,safe
https://www.leathercouncil.org,safe
https://www.turtleexpedition.com,safe
http://www.quicksytes.com,phishing
https://www.learnbig.net,safe
https://www.katewhitcomb.com,safe
https://www.mailsend-online.com,safe
https://ipfs.litnet.work/ipfs/bafybeiardsa5er7hxrjr74j6khdgikhmxomx5hrwldrefftslvh72a3rai/karatwebautoback.html,phishing
https://ipfs.litnet.work/ipfs/bafybeifkh27c2b2hqmm2tte5jp6eq3uincyhmxxaukoespre46zjpexybe,phishing
https://www.vumingo.com,safe
https://login-cliente-rapido2023.com/luiza/home.php?userid=&uri=yc4kgyxpyiiys6i9h2e5vzj2n/mgjfs1d73alcee5ug=,phishing
http://reactbisitetoke.260mb.net/,phishing
http://www.pagsalon.com,phishing
http://www.agentad.cc,phishing
https://gateway.ipfs.io/ipfs/bafybeihbg3efsd2hiqwl3xba37vfj5vcd23zwy747mcz6nkc7piu3gecpq/dropmebox22_ofic4.html,phishing
http://mail.portale-utente-info.162-0-216-30.cprapid.com/checkclient.php?&amp;sessionid=9d30164cdeb61a4caaff2d044a3fd599,phishing
https://ipfs.eth.aragon.network/ipfs/bafybeidvnscpg4et53tdvs4iel5cxua2j4ffcjoyupkyymkgjl2rpywxq4,phishing
https://www.melissajill.com,safe
https://www.wolveswithin.com,safe
https://www.uruknet.info,safe
https://www.watchgmctv.com,safe
https://wwwinforaknteo.harmonysemi.com/,phishing
https://www.londonaftermidnight.com,safe
https://www.clawhammersupply.com,safe
https://www.nais.org,safe
https://www.viyatek.io,safe
http://www.caretodayuk.co.uk,phishing
http://www.shaparkl-saman.ml,phishing
https://www.1000bottlesparty.com/jp,phishing
https://www.wcpinst.org,safe
https://www.caseme.com.br,safe
http://www.4b758c2e938d65bee050.blogspot.com,phishing
https://www.businesstravelnewseurope.com,safe
https://licoresesurez.com/css/js/credit-agricolefr/credit-agricoleverification/8d9f3f76293b395/region.php?particulier,phishing
https://www.nsrc.org,safe
https://amazon-ert.dumb1.com/mobile/lbk0dhjdedzfbyd.php,phishing
https://ipfs.litnet.work/ipfs/bafybeiafxdm5vr62p7xbfs2yivhsfkd5ruztk5ctuhpmpspjomxxp7xybq,phishing
https://www.atelierozmoz.be,safe
https://www.denbypottery.com,safe
http://www.festadevagabundo.top,phishing
https://saika69sex.monster/qdoj8,phishing
https://open-securepage.myportfolio.com/,phishing
http://www.mamj.ru,phishing
https://www.therushes.com,safe
https://www.annegreendesign.com,safe
https://www.bolay.com,safe
https://www.bonafideresearch.com,safe
https://www.fiesc.com.br,safe
https://www.iloveindia.com,safe
https://optusnet-login.com/au/webmail/index.html,phishing
https://jokemoothong.com/homes/secure/781e3deab7c8110/region.php?particulier,phishing
https://www.chrisfinke.com,safe
https://wan.cresnew.com/,phishing
https://www.rhalliburtonstar.com,safe
https://www.goingcarbonneutral.co.uk,safe
http://www.infomarketx.com,phishing
https://www.xpresidentx.es,safe
https://www.extremeclothespins.com,safe
https://www.apctt.org,safe
https://www.michaelscollier.com,safe
https://www.sparkandspark.com,safe
https://www.plasticsnews.com,safe
https://www.universityreview.org,safe
https://www.academia.org.br,safe
https://e8620582-8a7b-461f-a8bd-f255565d2980.id.repl.co/,phishing
https://www.justfinewine.ca,safe
https://www.norfolktourism.ca,safe
https://www.lussagin.com,safe
https://www.zm.com.br,safe
https://7db54cd6-128e-46f1-a624-0ece2ca8803d.id.repl.co,phishing
https://www.comec.org.uk,safe
https://www.thediamondroom.com,safe
http://dstatisticbot.com/,phishing
https://www.thecreativeseason.com,safe
https://docs.google.com/forms/d/e/1faipqlsf6pnqx1hmg6p62ihlatd2uww4pn7bxmaxskc87emngazzd8a/viewform?usp=send_form,phishing
https://www.lmcuk.com,safe
https://www.parcelpending.com,safe
https://www.brswimwear.com,safe
https://mttbbmobileeonlinee.firebaseapp.com/,phishing
https://www.ottawacountyauditor.org,safe
https://www.birdsnz.org.nz,safe
https://storageapi.fleek.co/0652a24b-c0d4-416b-b85f-2ad34515c5ba-bucket/faktura/europe.html,phishing
http://www.mindslaver.com,phishing
https://www.myglobalplatter.com,safe
https://www.anggitaramani.com,safe
http://www.a0669572.xsph.ru,phishing
https://www.helpwantedprevention.org,safe
https://www.frenchkissrecords.com,safe
http://www.ag.gp,phishing
http://www.soeme.com,phishing
https://www.fares-foundation.org,safe
https://tribelio.page/apremconfirmation?report,phishing
http://www.hospitaldesitges.cat,phishing
https://www.madagate.org,safe
https://www.vala.ma,safe
https://benjamincustommodulars.net/wp-admin/main/ing/,phishing
https://www.suttoncricketclub.com,safe
http://nilstiers.com,phishing
https://www.circusscientist.com,safe
https://www.wpleadplus.com,safe
https://www.greyhound.com.mx,safe
https://maildinshaakckjnw49.firebaseapp.com/,phishing
https://storieforall.builderallwppro.com/mmdh/,phishing
https://www.gymx-app.de,safe
https://www.commercial-news.com,safe
http://www.fense.nowurl.fun,phishing
https://aol-102365.weeblysite.com/,phishing
http://www.baidu.wookhost.me,phishing
https://empty-bread-229f.jgfjera.workers.dev/,phishing
https://www.city-link.co.in/wp-files/s.html,phishing
https://www.ferro-alloys.cn,safe
https://www.policyarchive.org,safe
http://www.artzvuk.by,phishing
http://thauthproximus.from-ia.com,phishing
http://www.versatilehairshop.com,phishing
http://vnbthdwqky.duckdns.org/,phishing
https://www.memoryfoamwarehouse.co.uk,safe
https://wwwinfoview.sangfengyun.com/,phishing
http://www.holipath.com,phishing
http://www.zayc.club,phishing
http://banconacionalcr.vastserve.com,phishing
http://www.securenab-aus.com,phishing
https://www.teplice.cz,safe
https://www.kmu.edu.tw,safe
https://online-8-pdf.web.app/,phishing
https://www.navy.lk,safe
http://www.thruhere.net,phishing
https://www.imageeditexpert.com,safe
https://www.cafamuseum.org,safe
https://www.rarlab.com,safe
https://www.inovablood.org,safe
https://mail-103801-104891.square.site/,phishing
https://www.addierawr.com,safe
https://www.danas.rs,safe
https://www.kimchiandbasil.com,safe
https://www.maineboats.com,safe
https://www.sea-angling-ireland.org,safe
https://www.allegrodvt.com,safe
https://www.uuum.jp,safe
https://www.alemarahenglish.af,safe
https://www.realestateforsaleinaz.com,safe
http://protected-message2022-1311615844.cos.na-ashburn.myqcloud.com/secure.html,phishing
https://mdwf7pvx6sqihqxhot5r23wf7ukmkhw4vtomxhpypphq33hqdsqq.arweave.net/yoxfvrf0oipc53t7hw7f_rtfhtys3mud-hvpdezwhke,phishing
https://www.bettenrid.de,safe
http://help-id-meta-6425472544.web.app/,phishing
http://www.omwowxish.ga,phishing
https://mickeytech1.github.io/netflix-clone,phishing
http://www.xinyidaijieru.info,phishing
http://www.lwe-shaparak.ga,phishing
https://nicepriceoffice.nl/wp-content/languages/wpml/compact.php,phishing
https://www.amber-lang.net,safe
http://www.adobeupdater.org,phishing
http://mingovpldsjt.simpnesby.ga/,phishing
http://u2004226.plsk.regruhosting.ru/f/,phishing
https://beho.it/xgxltuy,phishing
https://www.medstar911.org,safe
https://www.eraseracismny.org,safe
https://www.nativetimes.com,safe
http://emiratesairlinesreservationumber.wikidot.com,phishing
http://smartones.top,phishing
https://bafybeictnktz5z7dyy5vxe2vxjdzlzrvaflgnwdzjgwqqpjafdcor3ed64.ipfs.dweb.link/,phishing
https://www.cecc.com,safe
https://www.transparenz.bremen.de,safe
https://www.annoyingfreakgames.com,safe
https://www.thegrace.com,safe
https://mojomusic.ro/wp-admin/xleetkdn/liinkedinhardest/900/index.php,phishing
https://528f2648-8480-49c9-b001-501083adcc48.id.repl.co/,phishing
https://www.emoryhealthcare.org,safe
https://www.doseofroses.com,safe
https://www.mebmarket.com,safe
https://www.moevenpick-wein.de,safe
http://www.api081902.seemonitor.xyz,phishing
https://www.nikkansports.com,safe
https://www.ladarbia.com,safe
https://www.threerivers.gov.uk,safe
https://cf-ipfs.com/ipfs/qmv1w4npl5lnvgynvsv8wqjsskagknkxpms7px7jrfpmml/gen.html,phishing
https://www.extremepickyeating.com,safe
https://www.fairhealthconsumer.org,safe
https://microsoft-se.com/640ba21772d52/e31ebfe69fbe434a57cb89e26417135f6a17d8d1/,phishing
https://saylo5xst.firebaseapp.com/,phishing
https://aol-104501.weeblysite.com/,phishing
https://att-105099.square.site/,phishing
https://ksheami.com/?article301=&_=/spip.php%232ul6dol2gmegls4woqvi8s0qdn05rgzpwjtdrzhh1pba,phishing
http://www.p30oopp.blogspot.com,phishing
https://www.aquahabitat.com,safe
https://www.everystudent.com,safe
https://www.notesfornurses.com,safe
http://www.tcc525e282b7a0afb69db3198b8dc8bb3b.ws,phishing
https://www.sporcle.com,safe
https://www.aiayu.com,safe
https://www.swiftoilchange.in,safe
https://www.idi.org.il,safe
https://www.unique-cottages.co.uk,safe
https://gateway.pinata.cloud/ipfs/bafybeiet6j4bfpytwwh6frgdk5mwnn3mwbvpdwlzya7xnidzcl4tl5adsu,phishing
http://www.myanmarnewsrecent.com,phishing
https://69d63a20-16b8-414a-a02e-f650f409515d.id.repl.co,phishing
https://www.wom.my,safe
https://www.ukstreetart.co.uk,safe
https://www.bmvc2021-virtualconference.com,safe
https://www.tiemathletic.com,safe
https://www.udvhadsereg.hu,safe
https://b1aaafa73fd75e.lhr.life/,phishing
https://sc.link/267j,phishing
https://forms.gle/swwpzakt11x6mtt37,phishing
https://www.maf-uk.org,safe
https://www.chickenwaterer.com,safe
http://www.l33t-milf.info,phishing
http://www.pangudownload.com,phishing
https://instagram-win-phone.firebaseapp.com/,phishing
http://www.posmecca.com,phishing
https://www.nslegislature.ca,safe
https://visaaprepaiddprocess2.web.app/,phishing
https://ipfs.best-practice.se/ipfs/bafybeig52bssadmmakzsrzm7rcd35bmb6gygf424di5lmo4ayowyq67y64/link.html,phishing
https://www.cucchiaio.it,safe
https://ancubache.web.app/,phishing
https://www.stevenderosa.com,safe
https://www.mtbs3d.com,safe
https://www.boulia.qld.gov.au,safe
http://cp16575.tw1.ru/httpdocs/login/ologin.php,phishing
https://www.math.columbia.edu,safe
https://www.trans-health.com,safe
http://www.axelaguilar.com,phishing
https://www.mera400.pl,safe
https://www.feast-magazine.co.uk,safe
https://www-info-epos.huixialing.com/jp.php,phishing
https://optimisticinternationalopensoundsystem--isa23e.repl.co/,phishing
https://www.gtopcars.com,safe
https://www.cryptopro.ru,safe
http://www.frehan.com,phishing
http://att-102239.weeblysite.com/,phishing
https://www.bloomsby.com,safe
https://facebook-help-7007412584352707.firebaseapp.com/,phishing
https://www.scribendi.com,safe
http://www.faceookbook.com,phishing
https://www.thecity.nyc,safe
https://bafybeicrc2ffcmxjmn6pp6mknsy4vx2zs5vf55zjpkq4e5uhrmyjm265ty.ipfs.dweb.link/tea1.html,phishing
https://www.allplaces.us,safe
https://e006840b-7349-4ef6-94e7-a93da384b6e0.id.repl.co/,phishing
https://www.acm-bcb.org,safe
https://www.fortisalberta.com,safe
https://www.missionnetaji.org,safe
https://swisspost.main.jp/swp/nv6588123/online.php,phishing
https://www.pctipsbox.com,safe
https://www.wolfram-media.com,safe
https://www.face.eu,safe
https://www.royalpalaces.se,safe
https://www.apraxia-kids.org,safe
https://www.lutheranhour.org,safe
http://www.nergy.ca,phishing
http://www.theloveiskindnetwork.com,phishing
http://www.yourip.us,phishing
https://accessible0-document-morroco-3jl58.ondigitalocean.app/,phishing
https://www.amazing-holland.nl,safe
https://www.pressalert.ro,safe
https://www.caricaturemaster.com,safe
https://vn091-ab992.web.app/,phishing
https://www.miamibreastcenter.com,safe
http://www-kastropgroup-com.usrfiles.com/html/0e472f_4d9b2a88f72eb4191a8eb158b004ca1f.html,phishing
http://www.hvjaoahgv.site,phishing
https://www.businessinafrica.net,safe
https://www.fopconnect.com,safe
https://www.news.janegoodall.org,safe
https://www.ladyalthaea.com,safe
https://www.forecastinternational.com,safe
http://www.cellfom.com,phishing
http://www.culturasmetropolitanas.org,phishing
https://ipfs.io/ipfs/qmyvctxkrfxmbecfvfhadb8qjpldgf2jq54ptavxfeyxda,phishing
https://www.abbeytheatre.ie,safe
https://www.alynn.com,safe
http://www.rqztech.com,phishing
https://www.capitainpetzel.de,safe
https://www.wordsmyth.net,safe
https://cf-ipfs.com/ipfs/qmxfeiyjt4yq6iyoab2fajdw1zpcs389azseuklfwdivzf,phishing
https://www.page.org.au,safe
https://www.st-barthelemy.be,safe
http://www.com.conferencesinfo.com,phishing
https://www.yadifa.eu,safe
https://www.billiardsdigest.com,safe
http://www.turnerswindowstylings.com,phishing
https://www.camthachcompany.com,safe
https://www.canadianhorseracinghalloffame.com,safe
https://www.ancruzeiros.pt,safe
http://www.shopeevxs.live/,phishing
https://www.pass-the-baton.com,safe
https://www.worldenergy.net,safe
http://www.bulk-approach.site,phishing
https://minhnguyenvn.ml/aa/,phishing
https://metamask.xlylh6.top,phishing
https://www.alnwickgarden.com,safe
http://www.ip-shaparak.gq,phishing
http://www.sarane-nan.gq,phishing
https://www.wscs.info,safe
https://www.ontrackplant.com,safe
https://www.hyundaicapitalbrasil.com,safe
https://myparcel-7da57.firebaseapp.com/,phishing
https://maildinshaakckjnw565.web.app/,phishing
https://pub-dcd992e051224d49bc4d37f504eeac15.r2.dev/wsom.html,phishing
https://btinternetbbg.weebly.com/,phishing
https://www.hgtv.ca,safe
https://www.mehdijournal.com,safe
http://shein.gifts,phishing
http://antille-guyane.github.io/bnpparibas.net,phishing
http://www.rakoten-card.zbqtfrb.cn/,phishing
https://www.harmonicinc.com,safe
https://www.babylonjs.com,safe
https://www.adesignmedia.com,safe
https://www.chinahistoryforum.com,safe
https://metasupport17896312023133.live/contact/id=b25g62f1/review/twofactor.php?next=https%3a%2f%2fwww.facebook.com%2f,phishing
https://c2864d40-4761-45ee-be1f-d080bddb6687.id.repl.co/,phishing
https://www.lynchburgvirginia.org,safe
https://www.foxsuper6.com,safe
https://appeal-caseid-26fb0.firebaseapp.com/,phishing
http://129.226.211.41/interactivelogin?continue=https://accounts.google.com/?&amp;followup=https://accounts.google.com/?&amp;passive=1209600&amp;xrealip=107.178.232.231&amp;ifkv=awnoghddvxdltvr3w3vqeap4-gpuyj10dzfqpyjv9eczpb-ln0ydfum3cmowaiepa0bbzolcijkmvq,phishing
https://www.eblackstudies.org,safe
https://www.juwi.com,safe
http://www.doctorcarmax.com,phishing
http://www.saiaonaard.co.jp.nhgwrw.top/ai/sign.php,phishing
https://digitaleactualisation.web.app/,phishing
https://shich6gyg.firebaseapp.com/,phishing
http://www.win32support.com,phishing
http://www.httpws024.hemnes.win,phishing
https://wwwsnbc.tidujns.com/jp.php,phishing
https://www.huntingact.org,safe
http://zmindustrial.com.mx/comsx/,phishing
https://www.hikaritakano.co,safe
https://one-drive-371107.uk.r.appspot.com/,phishing
https://www.skichild.com,safe
https://www.sor.ro,safe
https://inezkelley-1317634057.cos.na-siliconvalley.myqcloud.com/inezkelley.html,phishing
https://www.webbdeepsky.com,safe
https://maildinshaakckjnw628.web.app/,phishing
http://versanthealth-okta.com,phishing
https://jainux.net/malcolmx/#dxnlckbkb21haw4udgxk,phishing
http://www.stuff-4-sale.org,phishing
https://www.michelinman.com,safe
https://www.klj-meenselkiezegem.be,safe
https://dsizs.vpraxkm.cn,phishing
http://www.server1.wyeetacs.com.au,phishing
https://www.projectcensored.org,safe
https://www.plantamed.com.br,safe
http://www.kueronekayaeotn.co.jp.kuerocekayacaoto.qxcmrv.top/ai,phishing
https://www.majorpoolsupplies.com,safe
http://www.navercorp2.top,phishing
https://www.smilebox.com,safe
https://www.northcarolinafc.com,safe
https://www.ymcafoxcities.org,safe
https://s.amaucszaou.icu/,phishing
https://www.magictack.de,safe
https://www.ciacampania.org,safe
http://dep.autospurgoh24firenze.it/rennovi/,phishing
https://att-101698.weeblysite.com/,phishing
http://www.quiet.earthsolution.org,phishing
https://s.amaesoesn.icu/,phishing
https://www.mascarphone.com,safe
http://zenartinakuliwasalifranc.zenawaskal.fr/,phishing
https://ipfs.io/ipfs/qmnwjuqcyhvtngbujsxagvectggwwxbf2rynuabtiokjnb?filename=adb.html,phishing
http://www.kwan078lj.web.app,phishing
https://mrh-project.eu,phishing
http://www.fashioncontainer.net,phishing
http://www.ymailaccounts.us,phishing
http://www.pencakefistaking.com/,phishing
https://www.diggerslist.com,safe
http://www.otyfuwyz.ml,phishing
https://www.stockteam.com,safe
https://www.onlineservicetec.com/landingpages/fe996bbf-3dce-487c-acd3-4a69200fa8a0/wdqlz-uvf13--zdoyfjlm-36zjnhkxlhwizcatddszs,phishing
https://prestamoescolar2023.com/,phishing
http://www.ir-shalplak.gq,phishing
https://www.epic.com,safe
https://www.mimmofiorilla.com,safe
https://entra-online-com.preview-domain.com/,phishing
https://www.phys.hawaii.edu,safe
https://www.redlasso.com,safe
https://www.harpercollinschristian.com,safe
https://bafybeibrerjbpagzyqbn4j4pexhayqcvruhmrakh3ajddwcrxwf7ure5vm.ipfs.dweb.link/d2-sjs.html,phishing
http://www.ulka-gallery.yoyo.pl,phishing
http://www.aladilauto.com,phishing
https://myatt-team-101632.weeblysite.com/,phishing
https://www.apheo.ca,safe
https://www.calafco.org,safe
https://www.sullivanclinton.com,safe
https://www.becreaturekind.org,safe
http://traditionalmiraclesco.com/,phishing
https://www.raffaellarimassa.it,safe
http://www.coomiponal.com,phishing
https://jflynn19773.wixsite.com/my-site,phishing
http://www.mob0esd.ru,phishing
https://www.historync.org,safe
http://www.partnersoft.media,phishing
https://www.ovsd.org,safe
https://www.winterberrycabin.com,safe
https://www.200344652189.kumpulbarengteman.my.id,phishing
https://www.grandstream.com,safe
https://www.therealfynn.co.uk,safe
https://upholid-nvloi21.godaddysites.com/,phishing
https://ww3.site-promo-and.co.ua/html/classico/index.shtm/,phishing
http://www.cometoway.org,phishing
http://www.f0558250.xsph.ru,phishing
http://support.ke/,phishing
https://www.football-chairman.com,safe
http://antivirus-nod-probnik.sepa-00980-force-drop.oa.r.appspot.com/?fbclid=iwar3vildf8sghk5yvsh52c3k4lycypeli3zafzxnsdsjlkp6x4zg1xblg4hc,phishing
https://www.helpingrhinos.org,safe
https://www.bonniebling.co.uk,safe
https://www.newbelgium.com,safe
http://www.trickip.net,phishing
http://www.newshealthsport.com,phishing
http://www.djmixer2018.com,phishing
http://www.sam-sdelai.blogspot.com,phishing
http://www.zebra.wthelpdesk.com,phishing
https://www.mushroominfo.co.za,safe
https://www.traditionalgames.in,safe
https://www.goodytwos.com,safe
http://www.christianl.cf,phishing
http://www.kueronekayaeotn.co.jp.kuerocekayaaoto.ospuxv.top/ai/?authenticated=true&amp;amp;amp;amp;amp;openid/gp/signin/x&amp;amp;amp;amp;amp;i=a&amp;amp;amp;amp;amp;oauth=m&amp;amp;amp;amp;amp;i?ie=utf8&amp;amp;amp;amp;amp;ref_=rhf_custrec_signine24e197882b1850dab16dfe73a8811a715c0ec44,phishing
http://www.bvgtt5.gq,phishing
http://www.knitgeek.com,phishing
https://www.drugs.ie,safe
https://www.floriz.co.uk,safe
https://www.ruemarcellin.com,safe
https://www.carolinearmijo.com,safe
https://www.dendanskesalmebogonline.dk,safe
https://ipfs.io/ipfs/bafybeihadfx74m3gnq3bjk4sc73tev2kaprnf7k4pmycj3xbt3yxtxs67e/tonepro888-onedrive.html,phishing
http://www.nuclearpolicy101.org,phishing
https://www.essays.quotidiana.org,safe
http://ofizpvfhrb.duckdns.org,phishing
https://www.opanal.org,safe
http://www.jiemao.welco.live,phishing
https://www.zlatograd.bg,safe
https://www.zadarskilist.hr,safe
https://www.csb.gov,safe
https://www.meteo.uz,safe
https://www.re-cycle-on.fr,safe
https://www.greatwarforum.org,safe
https://www.kedst.ac.uk,safe
https://www.ibo.org,safe
https://www.spisa.nu,safe
http://thewashington-post.facilidadgozoygloria.com,phishing
http://www.netwow.com.br,phishing
https://conetgut-ytey.web.app/,phishing
https://www.shareholds.com/eur/2a204409-e54b-4af0-b5aa-ffb6d1c6acb9/4a71e67e-d279-4bb8-9a7d-eff5637600af/a2a23a9a-db65-4da4-9f20-cb27a3857855/login?id=mmrbwxvqclr0rw1mannonkpmwgjtu0y2eglecmcxthzinmhwtna5d2feymxoeux3mwjyuwlmu0noswzwmddmmgr4dgdwwjbkc21iqmtznkrxwxbyqndguufodg9tq3u3vjzowhdiewzhvlzvngphrzrerxmrckrhqnlpykjiqli1q2jgaktanlrhv293nmn4nvfir3bkyuewk3rqcgjrrfhunwxyzvlazgk0q1fmwmnrn3l2cdbpnznkdgpzsxjfnkhhafpaslhbm0dlmtjxahn6tss3ajlwyu5pmxfhcw03udjwnm4xn3liy2z5tvp0nwr3rthtdetms0pqemhxvjnptwzlwxzncmu1s3fktxppefqwakfkrnk1y0qrvhkwv01uttb6tdzkn0dryuo2ouxqwesxv3rydgrqs1jmwdqrduhca21amzz1skhqru8vefvnwmtxvunqmunzce5juvjdqkg2sitvrjhzsljedng1m25nenczsnnal3vnmxlp,phishing
http://www.bpwrcpmve834175dqqpwa8dvs.net,phishing
https://www.victorataide.com.br,safe
http://www.e.ms,phishing
https://www.crownofthegods.com,safe
https://se4440-f20ed.web.app/,phishing
https://ltebolha--lajfhakhs.repl.co/,phishing
http://mail-102973.weeblysite.com/,phishing
http://www.berkahinternasional.co.id,phishing
https://www.dpdparcelwizard.ie,safe
https://maildinshaakckjnw634.web.app/,phishing
https://sncm.i0821.cn/,phishing
http://www.yn69q8kcxh.sdybv.com,phishing
http://tringuyen128.github.io/netflix_clone_page,phishing
https://www.kuerennkayccato-co-jp.kuerennkayccato.xlppzb.top/ai/?authenticated=true&amp;openid/gp/signin/x&amp;i=a&amp;oauth=m&amp;i?ie=utf8&amp;ref_=rhf_custrec_signin17b44efbba44d20ef4b1e2321ff974c0d881feca,phishing
https://consolesecudigital.web.app/,phishing
http://www.metamaskio.net,phishing
https://ambrosiasfashion.com/,phishing
https://www.cottonsisters.com,safe
https://tiwofiana12.web.app/,phishing
https://193-42-33-145.cprapid.com/,phishing
https://www.neutralgroundz.com,safe
https://94e985af-cae1-491f-bcc8-3a44809bb89f.id.repl.co/,phishing
https://www.sumcoco.com,safe
https://www.yasinrayan.com,safe
https://www.stanncreek.com,safe
http://www.mlper.com,phishing
https://www.fletc.gov,safe
https://fattura.staffasestenza.co/pannelloadmin/df9deebcd4a935e/cc.php,phishing
https://ipfs.io/ipfs/qmv1wc7t3dcwkfvcoprfrp3whc59b4bd5suhrom6u873pr?filename=auto.html,phishing
http://mail.deliverylifesupport.com/public/vf50kszqyryn14x6vswulnkyrjdlw2p7,phishing
https://www.beantreelearning.com,safe
http://www.promodepotonline.com,phishing
http://www.busycows.ca,phishing
https://www.mrcmekong.org,safe
http://www.f0566581.xsph.ru,phishing
http://www.ufjgkoh.fburl.fun,phishing
https://www.linuxcenter.ru,safe
http://www.aldareps.com,phishing
https://www.ppsspp.org,safe
https://tribelio.page/confirrmattionshellppscatterz,phishing
https://facebook-appeal-request-e2427.web.app/,phishing
https://www.cityoffarmingtonar.com,safe
https://www.cqrs.nu,safe
https://access-gabe.com,phishing
http://www.in-tech.com,phishing
http://www.themesthatyoulike.com,phishing
https://www.thebridalknot.com.au,safe
https://www.thekentkrew.com,safe
https://www.bachphoto.com,safe
https://www.falmouthvet.com,safe
http://www.ec48p71.rawtennis.com,phishing
http://www.login.dangquanwatch.com,phishing
https://www.hashilthsa.com,safe
https://www.calabasasgolf.com,safe
https://www.jcb.dotcombinations.com/,phishing
http://www.imsa.com.au,phishing
http://www.ixh.pnhwq.com,phishing
https://updatemetamask.net/?gclid=eaiaiqobchmiso_bgqxg_aivx8pvch1rwg-j,phishing
http://www.trendmoversdubai.com,phishing
http://opensea.com.bz,phishing
http://www.tpipelinedev.com,phishing
http://www.csmbuildersllc.com,phishing
http://ce-synchro7.web.app/,phishing
http://www.orthodonticoffices.com,phishing
https://maildinshaakckjnw179.web.app/,phishing
http://www.uspsvs.info/,phishing
http://www.eve-rpg2d.netlify.app,phishing
https://loving-tharp.45-14-165-241.plesk.page/njczntuznzg3otc5mdask/,phishing
https://www.equalizersoccer.com,safe
https://www.wiltshirebacon.com,safe
http://www.gta6fuzhu.com,phishing
https://www.rcrwireless.com,safe
https://att-100201.weeblysite.com/,phishing
https://www.discoverytours.com.my,safe
http://account741.weebly.com/,phishing
https://www.gilboafossils.org,safe
http://www.yurongshipin.com,phishing
https://ro8735639.wixsite.com/my-site,phishing
http://www.creat.welco.live,phishing
https://sites.google.com/view/casdatrocliente/in%c3%adcio,phishing
http://www.batchmates.me,phishing
http://oualid-loubiri.ma/service/,phishing
https://www.liverpoollep.org,safe
https://sosconsulta.co/deep/web.php?email=dipankar@jmjgroup.co.in,phishing
https://www.rt23.com,safe
http://www.face.urlfb.co,phishing
http://netflix-lsvt9s3tm-jssdestroyerman.vercel.app/,phishing
http://www.waxqx.com,phishing
https://www.openaccessgovernment.org,safe
http://cc04196-wordpress-qm7qa.tw1.ru/wp-admin/fr/ca/w11s,phishing
https://maildinshaakckjnw291.web.app/,phishing
https://www.norges-bank.no,safe
https://www.biharandjharkhand.com,safe
http://app-papaloa3354lkm.kvoiffugw9-yk26ed5vg379.p.temp-site.link/termsofservice.html,phishing
https://www.jdavidjewelry.com,safe
http://creativeengg.in/contents/earthlink,phishing
http://www.sandsngo.com,phishing
https://www.blkb.ch,safe
https://www.boxturtles.com,safe
https://confirmacionesimportantes--servisgalicia.repl.co/,phishing
http://www.ferreteriassolano.com,phishing
http://www.pomundayes.ga,phishing
https://fb-business-appeal-3f816.web.app/,phishing
http://www.alawangroups.com,phishing
https://rinnovo-dominio.abletotravel.it/managehosting/,phishing
https://kouijed.web.app/,phishing
http://organisasi.bulungan.go.id/public/4cakoj3qpoozmlmmhi8mjpt0m46m2wjq,phishing
https://www.menstylefashion.com,safe
https://ipfs.eth.aragon.network/ipfs/bafybeie6ca7ijixjhwi6ugzmszldlzrxzvz2j2o3uu7haek7vmctbsjxy4/,phishing
https://tiwofiana5.web.app/,phishing
https://ipfs.io/ipfs/bafybeidszm5hjkodoz44tw2fpdiaomoanrtpcqwf6ym236mjsxvop75paa/ddoonncn.html,phishing
https://www.kuliss.co,safe
https://locateme.co.nz/wp-content/jam/ichiemagiksouthwest123.html,phishing
https://www.shiatv.net,safe
https://www.ketteringtownfc.com,safe
https://mail-67aa7-view-mail-ups.firebaseapp.com/,phishing
http://www.c1crt.axfree.com,phishing
https://www.cedstone.co.uk,safe
https://www.ibf-usba-boxing.com,safe
https://www.cinejosh.com,safe
https://fewsufficientparallelcompiler.juan-pablopa788.repl.co/,phishing
https://www.electricblanketinstitute.com,safe
https://www.mundodamusicamm.com.br,safe
http://www.odd-mud-233e.gtech.workers.dev,phishing
https://www.kaneshichishoten.jp,safe
https://www.sikhroots.com,safe
https://www.allegorygallery.com,safe
http://www.eblagh-81.ml,phishing
https://www.judiciaryreport.com,safe
http://www.radiolevi.ro,phishing
https://www.adzuna.de,safe
https://www.creoly.com,safe
https://www.mfah.org,safe
https://www.chncpa.org,safe
https://aol-109902.weeblysite.com/,phishing
https://www.heirloombk.com,safe
https://allegrrolsokldir.woodcswoopnesle.cf/?tranzakt39906,phishing
https://wvvwaave.com/airdrop2/,phishing
http://www.fintellectualadvisors.com,phishing
http://www.nucleokardecistalace.org.br,phishing
https://www.cambsfire.gov.uk,safe
http://www.73ch91ch13f.100chickens.me,phishing
https://www.wbs.co.jp,safe
https://www.servemequick.com,safe
https://www.moca-news.net,safe
https://www.amueblaydecoraetxearte.com,safe
https://www.aaronwjohnston.com,safe
https://www.safebettingsites.com,safe
http://www.americaooxprecs.co.jp.pooqim.cn/,phishing
https://www.boyntonbeachdentist.net,safe
https://bafybeicx632kovolcmtykzyzsmgbl3uxxxsplyazgvwb2adw7pxbxuyfre.ipfs.w3s.link/fresbaze.html#,phishing
https://www.bahaibookstore.com,safe
https://xq5807.webwave.dev/,phishing
https://www.lameteoagricole.net,safe
http://www.coolsms.cannca.shop,phishing
https://sioeioasnj.firebaseapp.com/acceuil.html,phishing
http://004261200-conf1rm.000webhostapp.com/fb/applogin.htm?news=,phishing
https://www.pahc.com,safe
http://www.zopperfi.com/,phishing
https://www.dla.mil,safe
https://ipfs.io/ipfs/bafybeicpzmzp67z7j64n37lgmkgqvaxq2ddu46exvqldxqcwf2sxbkr7ae,phishing
https://www.littlearmenia.com,safe
https://www.rescue.go.kr,safe
http://www.droterdrotit.com,phishing
http://www.play-google-com-1301476296.cos.ap-mumbai.myqcloud.com,phishing
https://worksnavportalfix.firebaseapp.com/,phishing
https://www.davecamlin.com,safe
https://www.morgancountycitizen.com,safe
https://www.grantspassoregon.gov,safe
http://newrog.godaddysites.com/,phishing
http://www.mail.yotaglobal.com,phishing
https://www.manufacturingmanagement.co.uk,safe
http://www.usawebproxy.com,phishing
https://www.intowncoffee.com,safe
https://rfde-107a7.firebaseapp.com/,phishing
https://centralium.tn/post/bibaztgkmv4231,phishing
https://www.platypusattack.com,safe
http://www.acmarketsapp.com,phishing
https://www.acaponeconnection.com,safe
https://www.diemon.com,safe
http://www.bungalowphotographyblog.com,phishing
http://cashappofficial.com/,phishing
https://did.li/vxwty,phishing
https://www.thisidoforme.com,safe
https://www.toastenstein.com,safe
https://www.local1259iaff.org,safe
http://my-business-105497-100704.square.site/,phishing
https://leszek.arekhasnik.pl/add/email@example.com,phishing
https://www.miomodo.de,safe
https://www.sarahdelamer.com,safe
https://www.ysdesign.jp,safe
https://www.yogapedia.com,safe
https://www.santaragione.com,safe
https://att-management-109735.weeblysite.com/,phishing
https://triflingflashyapplicationpackage--digitaloceanc.repl.co/,phishing
https://www.ibdmdb.org,safe
https://infura-ipfs.io/ipfs/qmy7xmje9kjnbafwjcf2taahmkndmsf4sq51fwmp67umjl,phishing
https://www.getmax.app,safe
https://www.jointhealthmagazine.com,safe
https://www.happicrafts.com,safe
http://u1965047.plsk.regruhosting.ru/10/,phishing
https://www.buckley.spaceforce.mil,safe
https://www.deutschlandreise24.com,safe
https://www.cincyjungle.com,safe
http://www.imprecof.com,phishing
https://23154.jimdosite.com/,phishing
https://cutt.us/gruppobper,phishing
http://www.asr-shaparak.ml,phishing
https://www.meshlab.net,safe
https://ipfs.io/ipfs/bafkreiguyxmlc3aclnp7qud7ks2jznadfnwgphxzss46hifjam6nzy6isq,phishing
https://jumptruegallery.000webhostapp.com/download-documents,phishing
http://www.ertyu.com,phishing
https://www.poshpuppyboutique.com,safe
http://www.nerohut.com,phishing
https://j27973.wixsite.com/my-site,phishing
http://www.simmonitor.gq,phishing
http://www.docentfx.com,phishing
https://www.polikarbonat.com,safe
https://fx164fax08022022fax-1310019602.cos.eu-frankfurt.myqcloud.com/apps.htm,phishing
http://www.tagkarma.com,phishing
https://www.agilent.com,safe
https://mail.deliverylifesupport.com/public/lturkcznkatlbm6vtkpqptmb40v0a6fx,phishing
http://www.procareinsurance.gr,phishing
https://www.aspire.com,safe
https://www.assembly.state.ny.us,safe
https://s3.amazonaws.com/appforest_uf/f1680235453077x466266419017948160/linkj.html,phishing
http://www.amazcecm-co-jp.amazaeon.50gb141.xyz/,phishing
https://dhl-international.peakoutsourcing.host/express-983720289523040/mx837492/login/index.php,phishing
https://www.consulting.us,safe
https://www.jusline.at,safe
https://www.burosalt.nl,safe
https://www.severorivera.com,safe
https://www.poandpo.com,safe
https://www.chalktalksports.com,safe
https://digital3riiversaccess.icu/clicknow/#wa=wsignin1.0&amp;rpsnv=13&amp;ct=1539585327&amp;rver=7.0.6737.0&amp;wp=mbi_ssl&amp;wreply=https%3a%2f%2foutlook.live.com%2fowa%2f%3fnlp%3d1%26rpscsrfstate%3d715d44a2-2f11-4282-f625-a066679e96e2&amp;id=292841&amp;cbcxt=out&amp;lw=1&amp;fl=dob%2cflname%2cwld&amp;cobrandid=90015&amp;domain=,phishing
https://www.electionsnwt.ca,safe
https://www.rohaniduniyaonline.com,safe
https://xagpark.com/jp,phishing
https://www.coca-colacompany.com,safe
https://www.nbforum.com,safe
https://www.dailyleader.com,safe
http://www.ody.cc,phishing
https://www.rhodes.edu,safe
http://www.amyu.org,phishing
https://www.canal10.com.uy,safe
http://www.e.applesoftupdate.com,phishing
http://ethereumche.com,phishing
https://www.skiplino.com,safe
https://www.thompsonrd.com,safe
https://www.vtgatherings.com,safe
https://www.gp-digital.org,safe
https://www.cotidianodela.com.br,safe
https://www.thetaskforce.org,safe
https://www.istok.net,safe
https://www.conicyt.cl,safe
http://jjhwnauaye.duckdns.org,phishing
https://www.myhealthyfit.com,safe
https://plain-flower-47ee.u84799i09929.workers.dev/,phishing
https://www.otakustudy.com,safe
https://www.netokracija.com,safe
https://www.volacci.com,safe
http://www.socis.cf,phishing
https://www.cocktail.uk.com,safe
https://www.gulfshoreselectrician.com,safe
